Abkhazian	abkhazian1_1m	Europe
Abkhazian	abkhazian5_1m	Europe
Abkhazian	abkhazian6_1m	Europe
Abruzzo	ItalyAbruzzo9	Europe
Abruzzo	ItalyAbruzzo13	Europe
Abruzzo	ItalyAbruzzo14	Europe
Abruzzo	ItalyAbruzzo15	Europe
Abruzzo	ItalyAbruzzo16	Europe
Abruzzo	ItalyAbruzzo17	Europe
Abruzzo	ItalyAbruzzo19	Europe
Abruzzo	ItalyAbruzzo20	Europe
Abruzzo	ItalyAbruzzo21	Europe
Abruzzo	ItalyAbruzzo22	Europe
Abruzzo	ItalyAbruzzo23	Europe
Achea	AHA-3	Europe
Achea	AHA-5	Europe
Achea	AHA-6	Europe
Achea	AHA-7	Europe
Achea	AHA-8	Europe
Achea	AHA-9	Europe
Achea	AHA-10	Europe
Achea	AHA-11	Europe
Achea	AHA-12	Europe
Achea	AHA-13	Europe
Achea	AHA-14	Europe
Achea	AHA-15	Europe
Achea	AHA-16	Europe
Achea	AHA-17	Europe
Achea	AHA-18	Europe
Achea	AHA-20	Europe
Achea	AHA-24	Europe
Achea	AHA-25	Europe
Achea	AHA-31	Europe
Achea	AHA-33	Europe
Achea	AHA-34	Europe
Achea	AHA-35	Europe
Achea	AHA-36	Europe
Achea	AHA-37	Europe
Adygei	HGDP01381	Europe
Adygei	HGDP01382	Europe
Adygei	HGDP01383	Europe
Adygei	HGDP01384	Europe
Adygei	HGDP01385	Europe
Adygei	HGDP01386	Europe
Adygei	HGDP01387	Europe
Adygei	HGDP01396	Europe
Adygei	HGDP01397	Europe
Adygei	HGDP01398	Europe
Adygei	HGDP01399	Europe
Adygei	HGDP01400	Europe
Adygei	HGDP01401	Europe
Adygei	HGDP01402	Europe
Adygei	HGDP01403	Europe
Adygei	HGDP01404	Europe
Amhara	AMHARA1	Africa
Amhara	AMHARA2	Africa
Amhara	AMHARA3	Africa
Amhara	AMHARA11	Africa
Amhara	AMHARA14	Africa
Amhara	AMHARA17	Africa
Amhara	AMHARA18	Africa
Amhara	AMHARA21	Africa
Amhara	AMHARA25	Africa
Amhara	AMHARA26IBD	Africa
Anuak	ANUAK1	Africa
Anuak	ANUAK3	Africa
Anuak	ANUAK4	Africa
Anuak	ANUAK5	Africa
Anuak	ANUAK6	Africa
Anuak	ANUAK7	Africa
Anuak	ANUAK10	Africa
Anuak	ANUAK11	Africa
Anuak	ANUAK15	Africa
Anuak	ANUAK16	Africa
Anuak	ANUAK17	Africa
Anuak	ANUAK18	Africa
Anuak	ANUAK19	Africa
Arcadia	ARKA-1	Europe
Arcadia	ARKA-2	Europe
Arcadia	ARKA-3	Europe
Arcadia	ARKA-6	Europe
Arcadia	ARKA-8	Europe
Arcadia	ARKA-9	Europe
Arcadia	ARKA-10	Europe
Arcadia	ARKA-12	Europe
Arcadia	ARKA-13	Europe
Arcadia	ARKA-16	Europe
Arcadia	ARKA-17	Europe
Arcadia	ARKA-19	Europe
Arcadia	ARKA-20	Europe
Arcadia	ARKA-21	Europe
Argolis	ARGO-1	Europe
Argolis	ARGO-2	Europe
Argolis	ARGO-3	Europe
Argolis	ARGO-4	Europe
Argolis	ARGO-6	Europe
Argolis	ARGO-7	Europe
Argolis	ARGO-8	Europe
Argolis	ARGO-9	Europe
Argolis	ARGO-11	Europe
Argolis	ARGO-18	Europe
Argolis	ARGO-19	Europe
Argolis	ARGO-21	Europe
Argolis	ARGO-24	Europe
Argolis	ARGO-25	Europe
Argolis	ARGO-26	Europe
Argolis	ARGO-36	Europe
AriBlacksmith	ARIBLACKSMITH2	Africa
AriBlacksmith	ARIBLACKSMITH3	Africa
AriBlacksmith	ARIBLACKSMITH5	Africa
AriBlacksmith	ARIBLACKSMITH6	Africa
AriBlacksmith	ARIBLACKSMITH7	Africa
AriBlacksmith	ARIBLACKSMITH10	Africa
AriBlacksmith	ARIBLACKSMITH16IBD	Africa
AriCultivator	ARICULTIVATOR5	Africa
AriCultivator	ARICULTIVATOR9	Africa
AriCultivator	ARICULTIVATOR11	Africa
AriCultivator	ARICULTIVATOR14	Africa
AriCultivator	ARICULTIVATOR15	Africa
AriCultivator	ARICULTIVATOR18	Africa
AriCultivator	ARICULTIVATOR20	Africa
AriCultivator	ARICULTIVATOR23IBD	Africa
Armenia	arm3	Europe
Armenia	arm4	Europe
Armenia	arm5	Europe
Armenia	arm6	Europe
Armenia	arm8	Europe
Armenia	arm9	Europe
Armenia	arm10	Europe
Armenia	arm11	Europe
Armenia	arm12	Europe
Armenia	arm13	Europe
Armenia	arm17	Europe
Armenia	arm18	Europe
Armenia	arm19	Europe
Armenia	arm20	Europe
Armenia	arm23	Europe
Armenia	arm26	Europe
Azerbajan	azerB8	Europe
Azerbajan	azerB38	Europe
Azerbajan	azerB59	Europe
Azerbajan	azerB61	Europe
Azerbajan	azerB64	Europe
Azerbajan	azerb72	Europe
Azerbajan	azerE1	Europe
Azerbajan	azerE3	Europe
Azerbajan	azerE6	Europe
Azerbajan	azerE70	Europe
Azerbajan	azerE82	Europe
Azerbajan	azerE89	Europe
Azerbajan	azerE92	Europe
Azerbajan	azerF4	Europe
Azerbajan	azerF111	Europe
Balkar	balkar1_1m	Europe
Balkar	balkar2_1m	Europe
Balkar	balkar4_1m	Europe
Balochi	HGDP00054	Asia
Balochi	HGDP00056	Asia
Balochi	HGDP00057	Asia
Balochi	HGDP00058	Asia
Balochi	HGDP00060	Asia
Balochi	HGDP00062	Asia
Balochi	HGDP00064	Asia
Balochi	HGDP00066	Asia
Balochi	HGDP00068	Asia
Balochi	HGDP00070	Asia
Balochi	HGDP00072	Asia
Balochi	HGDP00074	Asia
Balochi	HGDP00076	Asia
Balochi	HGDP00078	Asia
Balochi	HGDP00080	Asia
Balochi	HGDP00082	Asia
Balochi	HGDP00086	Asia
Balochi	HGDP00088	Asia
Balochi	HGDP00090	Asia
Balochi	HGDP00092	Asia
Balochi	HGDP00094	Asia
Balochi	HGDP00096	Asia
Balochi	HGDP00098	Asia
BantuKenya	HGDP01405	Africa
BantuKenya	HGDP01406	Africa
BantuKenya	HGDP01408	Africa
BantuKenya	HGDP01411	Africa
BantuKenya	HGDP01414	Africa
BantuKenya	HGDP01415	Africa
BantuKenya	HGDP01416	Africa
BantuKenya	HGDP01418	Africa
BantuKenya	HGDP01419	Africa
BantuSouthaAfrica	HGDP00993	Africa
BantuSouthaAfrica	HGDP00994	Africa
BantuSouthaAfrica	HGDP01028	Africa
BantuSouthaAfrica	HGDP01030	Africa
BantuSouthaAfrica	HGDP01031	Africa
BantuSouthaAfrica	HGDP01033	Africa
BantuSouthaAfrica	HGDP01034	Africa
BantuSouthaAfrica	HGDP01035	Africa
Basque	HGDP01357	Europe
Basque	HGDP01358	Europe
Basque	HGDP01359	Europe
Basque	HGDP01360	Europe
Basque	HGDP01361	Europe
Basque	HGDP01362	Europe
Basque	HGDP01363	Europe
Basque	HGDP01364	Europe
Basque	HGDP01365	Europe
Basque	HGDP01366	Europe
Basque	HGDP01367	Europe
Basque	HGDP01368	Europe
Basque	HGDP01370	Europe
Basque	HGDP01371	Europe
Basque	HGDP01372	Europe
Basque	HGDP01373	Europe
Basque	HGDP01374	Europe
Basque	HGDP01375	Europe
Basque	HGDP01376	Europe
Basque	HGDP01377	Europe
Basque	HGDP01378	Europe
Basque	HGDP01379	Europe
Basque	HGDP01380	Europe
Bedouin	HGDP00607	Africa
Bedouin	HGDP00608	Africa
Bedouin	HGDP00609	Africa
Bedouin	HGDP00610	Africa
Bedouin	HGDP00611	Africa
Bedouin	HGDP00612	Africa
Bedouin	HGDP00613	Africa
Bedouin	HGDP00614	Africa
Bedouin	HGDP00615	Africa
Bedouin	HGDP00616	Africa
Bedouin	HGDP00618	Africa
Bedouin	HGDP00619	Africa
Bedouin	HGDP00620	Africa
Bedouin	HGDP00621	Africa
Bedouin	HGDP00622	Africa
Bedouin	HGDP00623	Africa
Bedouin	HGDP00624	Africa
Bedouin	HGDP00625	Africa
Bedouin	HGDP00626	Africa
Bedouin	HGDP00627	Africa
Bedouin	HGDP00628	Africa
Bedouin	HGDP00629	Africa
Bedouin	HGDP00631	Africa
Bedouin	HGDP00632	Africa
Bedouin	HGDP00634	Africa
Bedouin	HGDP00635	Africa
Bedouin	HGDP00636	Africa
Bedouin	HGDP00637	Africa
Bedouin	HGDP00638	Africa
Bedouin	HGDP00639	Africa
Bedouin	HGDP00640	Africa
Bedouin	HGDP00641	Africa
Bedouin	HGDP00642	Africa
Bedouin	HGDP00643	Africa
Bedouin	HGDP00644	Africa
Bedouin	HGDP00645	Africa
Bedouin	HGDP00646	Africa
Bedouin	HGDP00647	Africa
Bedouin	HGDP00648	Africa
Bedouin	HGDP00649	Africa
Bedouin	HGDP00650	Africa
Bedouin	HGDP00651	Africa
Bedouin	HGDP00653	Africa
Bedouin	HGDP00654	Africa
Bedouin	HGDP00701	Africa
Belorussia	belarusian23vp	Europe
Belorussia	belarusian29zp	Europe
Belorussia	belarusian32zp	Europe
Belorussia	belarusian47zp	Europe
Belorussia	belarusian50vp	Europe
Belorussia	belarusian52vp	Europe
Belorussia	belarusian54zp	Europe
Belorussia	belorus1	Europe
Belorussia	belorus2	Europe
Belorussia	belorus3	Europe
Belorussia	belorus4	Europe
Belorussia	belorus5	Europe
Belorussia	belorus6	Europe
Belorussia	belorus7	Europe
Belorussia	belorus8	Europe
Belorussia	belorus10	Europe
Biaka	HGDP00454	Africa
Biaka	HGDP00455	Africa
Biaka	HGDP00457	Africa
Biaka	HGDP00458	Africa
Biaka	HGDP00459	Africa
Biaka	HGDP00460	Africa
Biaka	HGDP00461	Africa
Biaka	HGDP00465	Africa
Biaka	HGDP00469	Africa
Biaka	HGDP00470	Africa
Biaka	HGDP00472	Africa
Biaka	HGDP00473	Africa
Biaka	HGDP00475	Africa
Biaka	HGDP00479	Africa
Biaka	HGDP00985	Africa
Biaka	HGDP00986	Africa
Biaka	HGDP01086	Africa
Biaka	HGDP01090	Africa
Biaka	HGDP01094	Africa
Bosnia	Bosnian_2	Europe
Bosnia	Bosnian_3	Europe
Bosnia	Bosnian_4	Europe
Bosnia	Bosnian_5	Europe
Bosnia	Bosnian_6	Europe
Bosnia	Bosnian_7	Europe
Bosnia	Bosnian_8	Europe
Bosnia	Bosnian_10	Europe
Bosnia	Bosnian_11	Europe
Bosnia	Bosnian_12	Europe
Bosnia	Bosnian_13	Europe
Bosnia	Bosnian_14	Europe
Bosnia	Bosnian_15	Europe
Bosnia	Bosnian_16	Europe
Brahui	HGDP00001	Asia
Brahui	HGDP00003	Asia
Brahui	HGDP00005	Asia
Brahui	HGDP00007	Asia
Brahui	HGDP00009	Asia
Brahui	HGDP00011	Asia
Brahui	HGDP00015	Asia
Brahui	HGDP00017	Asia
Brahui	HGDP00019	Asia
Brahui	HGDP00021	Asia
Brahui	HGDP00023	Asia
Brahui	HGDP00025	Asia
Brahui	HGDP00027	Asia
Brahui	HGDP00029	Asia
Brahui	HGDP00031	Asia
Brahui	HGDP00033	Asia
Brahui	HGDP00035	Asia
Brahui	HGDP00039	Asia
Brahui	HGDP00041	Asia
Brahui	HGDP00043	Asia
Brahui	HGDP00045	Asia
Brahui	HGDP00047	Asia
Brahui	HGDP00049	Asia
Bulgaria	Bulgaria1	Europe
Bulgaria	Bulgaria2	Europe
Bulgaria	Bulgaria3	Europe
Bulgaria	Bulgaria4	Europe
Bulgaria	Bulgaria5	Europe
Bulgaria	Bulgaria6	Europe
Bulgaria	Bulgaria7	Europe
Bulgaria	Bulgaria8	Europe
Bulgaria	Bulgaria25	Europe
Bulgaria	Bulgaria26	Europe
Bulgaria	Bulgaria33	Europe
Bulgaria	Bulgaria37	Europe
Bulgaria	Bulgaria39	Europe
Bulgaria	Bulgarian1	Europe
Bulgaria	Bulgarian2	Europe
Bulgaria	Bulgarian4	Europe
Bulgaria	Bulgarian5	Europe
Bulgaria	Bulgarian6	Europe
Bulgaria	Bulgarian7	Europe
Bulgaria	Bulgarian8	Europe
Bulgaria	Bulgarian9	Europe
Bulgaria	Bulgarian10	Europe
Bulgaria	Bulgarian11	Europe
Bulgaria	Bulgarian12	Europe
Bulgaria	Bulgarian13	Europe
Bulgaria	Bulgarian14	Europe
Bulgaria	Bulgarian15	Europe
Bulgaria	Bulgarian16	Europe
Bulgaria	Bulgarian17	Europe
Bulgaria	Bulgarian18	Europe
Burusho	HGDP00336	Asia
Burusho	HGDP00338	Asia
Burusho	HGDP00341	Asia
Burusho	HGDP00346	Asia
Burusho	HGDP00351	Asia
Burusho	HGDP00356	Asia
Burusho	HGDP00359	Asia
Burusho	HGDP00364	Asia
Burusho	HGDP00371	Asia
Burusho	HGDP00372	Asia
Burusho	HGDP00376	Asia
Burusho	HGDP00382	Asia
Burusho	HGDP00388	Asia
Burusho	HGDP00392	Asia
Burusho	HGDP00397	Asia
Burusho	HGDP00402	Asia
Burusho	HGDP00407	Asia
Burusho	HGDP00412	Asia
Burusho	HGDP00417	Asia
Burusho	HGDP00423	Asia
Burusho	HGDP00428	Asia
Burusho	HGDP00433	Asia
Burusho	HGDP00438	Asia
Burusho	HGDP00444	Asia
Burusho	HGDP00445	Asia
Calabria	BEL33	Europe
Calabria	BEL37	Europe
Calabria	BEL38	Europe
Calabria	BEL43	Europe
Calabria	BEL45	Europe
Calabria	BEL47	Europe
Calabria	BEL49	Europe
Calabria	BEL51	Europe
Calabria	BEL52	Europe
Calabria	BEL53	Europe
Calabria	BEL54	Europe
Calabria	BEL56	Europe
Calabria	BEL57	Europe
Calabria	BEL58	Europe
Calabria	BEL59	Europe
Calabria	BEL60	Europe
Calabria	BEL61	Europe
CHB	NA18525	Asia
CHB	NA18526	Asia
CHB	NA18527	Asia
CHB	NA18528	Asia
CHB	NA18530	Asia
CHB	NA18532	Asia
CHB	NA18533	Asia
CHB	NA18534	Asia
CHB	NA18535	Asia
CHB	NA18536	Asia
CHB	NA18537	Asia
CHB	NA18538	Asia
CHB	NA18539	Asia
CHB	NA18541	Asia
CHB	NA18542	Asia
CHB	NA18543	Asia
CHB	NA18544	Asia
CHB	NA18545	Asia
CHB	NA18546	Asia
CHB	NA18547	Asia
CHB	NA18548	Asia
CHB	NA18549	Asia
CHB	NA18550	Asia
CHB	NA18552	Asia
CHB	NA18553	Asia
CHB	NA18555	Asia
CHB	NA18557	Asia
CHB	NA18558	Asia
CHB	NA18559	Asia
CHB	NA18560	Asia
CHB	NA18561	Asia
CHB	NA18562	Asia
CHB	NA18563	Asia
CHB	NA18564	Asia
CHB	NA18565	Asia
CHB	NA18566	Asia
CHB	NA18567	Asia
CHB	NA18570	Asia
CHB	NA18571	Asia
CHB	NA18572	Asia
CHB	NA18573	Asia
CHB	NA18574	Asia
CHB	NA18576	Asia
CHB	NA18577	Asia
CHB	NA18579	Asia
CHB	NA18582	Asia
CHB	NA18591	Asia
CHB	NA18592	Asia
CHB	NA18593	Asia
CHB	NA18595	Asia
CHB	NA18596	Asia
CHB	NA18597	Asia
CHB	NA18599	Asia
CHB	NA18602	Asia
CHB	NA18603	Asia
CHB	NA18605	Asia
CHB	NA18606	Asia
CHB	NA18608	Asia
CHB	NA18609	Asia
CHB	NA18610	Asia
CHB	NA18611	Asia
CHB	NA18612	Asia
CHB	NA18613	Asia
CHB	NA18614	Asia
CHB	NA18615	Asia
CHB	NA18616	Asia
CHB	NA18617	Asia
CHB	NA18618	Asia
CHB	NA18619	Asia
CHB	NA18620	Asia
CHB	NA18621	Asia
CHB	NA18622	Asia
CHB	NA18623	Asia
CHB	NA18624	Asia
CHB	NA18625	Asia
CHB	NA18626	Asia
CHB	NA18627	Asia
CHB	NA18628	Asia
CHB	NA18629	Asia
CHB	NA18630	Asia
CHB	NA18631	Asia
CHB	NA18632	Asia
CHB	NA18633	Asia
CHB	NA18634	Asia
CHB	NA18635	Asia
CHB	NA18636	Asia
CHB	NA18637	Asia
CHB	NA18638	Asia
CHB	NA18639	Asia
CHB	NA18640	Asia
CHB	NA18641	Asia
CHB	NA18642	Asia
CHB	NA18643	Asia
CHB	NA18644	Asia
CHB	NA18645	Asia
CHB	NA18646	Asia
CHB	NA18647	Asia
CHB	NA18648	Asia
CHB	NA18740	Asia
CHB	NA18745	Asia
CHB	NA18747	Asia
CHB	NA18748	Asia
CHB	NA18749	Asia
CHB	NA18757	Asia
CHB	NA18791	Asia
CHB	NA18794	Asia
CHB	NA18795	Asia
Chuvash	chuvash1	Europe
Chuvash	chuvash1_1m	Europe
Chuvash	chuvash2	Europe
Chuvash	chuvash3	Europe
Chuvash	chuvash3_1m	Europe
Chuvash	chuvash4	Europe
Chuvash	chuvash5	Europe
Chuvash	chuvash6	Europe
Chuvash	chuvash7	Europe
Chuvash	chuvash8	Europe
Chuvash	chuvash9	Europe
Chuvash	chuvash10	Europe
Chuvash	chuvash11	Europe
Chuvash	chuvash12	Europe
Chuvash	chuvash13	Europe
Chuvash	chuvash14	Europe
Chuvash	chuvash15	Europe
Chuvash	chuvash16	Europe
Chuvash	chuvash17	Europe
Corinthia	KOR-2	Europe
Corinthia	KOR-5	Europe
Corinthia	KOR-14	Europe
Corinthia	KOR-18	Europe
Corinthia	KOR-19	Europe
Corinthia	KOR-20	Europe
Corinthia	KOR-21	Europe
Corinthia	KOR-23	Europe
Corinthia	KOR-26	Europe
Corinthia	KOR-27	Europe
Corinthia	KOR-42	Europe
Corinthia	KOR-43	Europe
Corinthia	KOR-62	Europe
Corinthia	KOR-67	Europe
Corinthia	KOR-68	Europe
Corinthia	KOR-74	Europe
Croatia	croatBHCB12_1m	Europe
Croatia	croatBHCB16_1m	Europe
Croatia	croatBHCHZ11_1m	Europe
Croatia	croatBHCHZ13_1m	Europe
Croatia	croatia_B-H1	Europe
Croatia	Croatia_B-H1H	Europe
Croatia	croatia_B-H6	Europe
Croatia	Croatia_B-H8H	Europe
Croatia	croatia_B-H12	Europe
Croatia	croatia_B-H19	Europe
Croatia	Croatia_B-H20H	Europe
Croatia	Croatia_Cro26	Europe
Croatia	Croatia_Cro43	Europe
Croatia	Croatia_Cro53	Europe
Croatia	Croatia_Cro133	Europe
Croatia	Croatia_Cro140	Europe
Croatia	Croatia_Cro141	Europe
Croatia	Croatia_Cro142	Europe
Croatia	Croatia_Cro198	Europe
Croatia	Croatia_Cro302	Europe
Croatia	Croatia_Cro305	Europe
Croatia	Croatia_Cro312	Europe
Croatia	Croatia_Cro344	Europe
Croatia	Croatia_Cro432	Europe
Croatia	SPL0016	Europe
Croatia	SPL0031	Europe
Croatia	SPL0041	Europe
Croatia	SPL0047	Europe
Croatia	SPL0048	Europe
Croatia	SPL0053	Europe
Croatia	SPL0056	Europe
Croatia	SPL0066	Europe
Croatia	SPL0093	Europe
Croatia	SPL0103	Europe
Croatia	SPL0107	Europe
Croatia	SPL0143	Europe
Croatia	SPL0153	Europe
Croatia	SPL0156	Europe
Croatia	SPL0157	Europe
Croatia	SPL0158	Europe
Croatia	SPL0161	Europe
Croatia	SPL0182	Europe
Croatia	SPL0183	Europe
Cyprus	Cyprus1	Europe
Cyprus	Cyprus2	Europe
Cyprus	Cyprus3	Europe
Cyprus	Cyprus4	Europe
Cyprus	Cyprus5	Europe
Cyprus	Cyprus6	Europe
Cyprus	Cyprus7	Europe
Cyprus	Cyprus8	Europe
Cyprus	Cyprus9	Europe
Cyprus	Cyprus10	Europe
Cyprus	Cyprus11	Europe
Cyprus	Cyprus12	Europe
Dai	HGDP01307	Asia
Dai	HGDP01308	Asia
Dai	HGDP01309	Asia
Dai	HGDP01310	Asia
Dai	HGDP01311	Asia
Dai	HGDP01312	Asia
Dai	HGDP01313	Asia
Dai	HGDP01314	Asia
Dai	HGDP01315	Asia
Dai	HGDP01316	Asia
Daur	HGDP01213	Asia
Daur	HGDP01214	Asia
Daur	HGDP01215	Asia
Daur	HGDP01216	Asia
Daur	HGDP01217	Asia
Daur	HGDP01218	Asia
Daur	HGDP01220	Asia
Daur	HGDP01221	Asia
Daur	HGDP01222	Asia
DeepMani	ARE-1	Europe
DeepMani	ARE-4	Europe
DeepMani	ARE-5	Europe
DeepMani	ARE-6	Europe
DeepMani	ARE-7	Europe
DeepMani	ARE-8	Europe
DeepMani	ARE-9	Europe
DeepMani	ARE-10	Europe
DeepMani	ARE-11	Europe
DeepMani	ARE-15	Europe
DeepMani	ARE-19	Europe
DeepMani	ARE-22	Europe
DeepMani	ARE-23	Europe
DeepMani	ARE-25	Europe
DeepMani	ARE-26	Europe
DeepMani	ARE-27	Europe
DeepMani	ARE-29	Europe
DeepMani	ARE-36	Europe
DeepMani	ARE-40	Europe
Druze	GRC12118093	Europe
Druze	GRC12118094	Europe
Druze	GRC12118099	Europe
Druze	GRC12118106	Europe
Druze	HGDP00557	Europe
Druze	HGDP00558	Europe
Druze	HGDP00559	Europe
Druze	HGDP00560	Europe
Druze	HGDP00562	Europe
Druze	HGDP00563	Europe
Druze	HGDP00564	Europe
Druze	HGDP00565	Europe
Druze	HGDP00566	Europe
Druze	HGDP00567	Europe
Druze	HGDP00568	Europe
Druze	HGDP00569	Europe
Druze	HGDP00571	Europe
Druze	HGDP00572	Europe
Druze	HGDP00573	Europe
Druze	HGDP00574	Europe
Druze	HGDP00575	Europe
Druze	HGDP00576	Europe
Druze	HGDP00577	Europe
Druze	HGDP00578	Europe
Druze	HGDP00579	Europe
Druze	HGDP00580	Europe
Druze	HGDP00581	Europe
Druze	HGDP00582	Europe
Druze	HGDP00583	Europe
Druze	HGDP00584	Europe
Druze	HGDP00586	Europe
Druze	HGDP00587	Europe
Druze	HGDP00588	Europe
Druze	HGDP00590	Europe
Druze	HGDP00591	Europe
Druze	HGDP00594	Europe
Druze	HGDP00595	Europe
Druze	HGDP00597	Europe
Druze	HGDP00598	Europe
Druze	HGDP00599	Europe
Druze	HGDP00600	Europe
Druze	HGDP00601	Europe
Druze	HGDP00602	Europe
Druze	HGDP00604	Europe
Druze	HGDP00606	Europe
EastSicily	Ag-Sicily5	Europe
EastSicily	Ag-Sicily8	Europe
EastSicily	E-Sicily18	Europe
EastSicily	SR19	Europe
EastSicily	SR21	Europe
EastSicily	SR23	Europe
EastSicily	SR24R	Europe
EastSicily	SR44	Europe
EastSicily	SR48R	Europe
EastSicily	SR60	Europe
EastSicily	SR64	Europe
EastSicily	SR71R	Europe
EastSicily	SR78	Europe
EastTaygetos	ARE-3	Europe
EastTaygetos	ARE-28	Europe
EastTaygetos	ARE-31	Europe
EastTaygetos	ARE-35	Europe
EastTaygetos	LA-1	Europe
EastTaygetos	LA-3	Europe
EastTaygetos	LA-4	Europe
EastTaygetos	LA-6	Europe
EastTaygetos	LA-9	Europe
EastTaygetos	LA-10	Europe
EastTaygetos	LA-11	Europe
EastTaygetos	LA-14	Europe
EastTaygetos	LA-17	Europe
EastTaygetos	LA-47	Europe
EastTaygetos	LA-48	Europe
EastTaygetos	LA-50	Europe
EastTaygetos	LA-51	Europe
EastTaygetos	LA-52	Europe
EastTaygetos	LA-53	Europe
EastTaygetos	LA-56	Europe
EastTaygetos	LA-59	Europe
EastTaygetos	LA-60	Europe
EastTaygetos	LA-61	Europe
Egypt	Egypt1	Africa
Egypt	Egypt2	Africa
Egypt	Egypt3	Africa
Egypt	Egypt4	Africa
Egypt	Egypt5	Africa
Egypt	Egypt6	Africa
Egypt	Egypt7	Africa
Egypt	Egypt8	Africa
Egypt	Egypt9	Africa
Egypt	Egypt10	Africa
Egypt	Egypt11	Africa
Egypt	Egypt12	Africa
Elis	IL-1	Europe
Elis	IL-4	Europe
Elis	IL-6	Europe
Elis	IL-8	Europe
Elis	IL-13	Europe
Elis	IL-14	Europe
Elis	IL-15	Europe
Elis	IL-17	Europe
Elis	IL-21	Europe
Elis	IL-22	Europe
Elis	IL-23	Europe
Elis	IL-28	Europe
Elis	IL-30	Europe
Elis	IL-31	Europe
Elis	IL-34	Europe
Elis	IL-36	Europe
Elis	IL-38	Europe
Elis	IL-40	Europe
Elis	IL-42	Europe
Elis	IL-44	Europe
Elis	IL-46	Europe
Elis	IL-47	Europe
England	ENG003	Europe
England	ENG004	Europe
England	English1	Europe
England	English2	Europe
England	English3	Europe
England	English4	Europe
England	English5	Europe
England	English6	Europe
Estonia	ee59	Europe
Estonia	ee68	Europe
Estonia	ee72	Europe
Estonia	ee78	Europe
Estonia	ee86	Europe
Ethiopia	EthiopiaAm50	Africa
Ethiopia	EthiopiaAm52	Africa
Ethiopia	EthiopiaAm58	Africa
Ethiopia	EthiopiaAm59	Africa
Ethiopia	EthiopiaAm76	Africa
Ethiopia	EthiopiaAm77	Africa
Ethiopia	EthiopiaAm78	Africa
Ethiopia	EthiopiaOr41c	Africa
Ethiopia	EthiopiaOr42a	Africa
Ethiopia	EthiopiaOr44b	Africa
Ethiopia	EthiopiaOr45a	Africa
Ethiopia	EthiopiaOr48	Africa
Ethiopia	EthiopiaOr48c	Africa
Ethiopia	EthiopiaOr53b	Africa
Ethiopia	EthiopiaTi5	Africa
Ethiopia	EthiopiaTi7	Africa
Ethiopia	EthiopiaTi61	Africa
Ethiopia	EthiopiaTi63	Africa
Ethiopia	EthiopiaTi69	Africa
Finland	Finnish1	Europe
Finland	Finnish2	Europe
France	HGDP00511	Europe
France	HGDP00512	Europe
France	HGDP00513	Europe
France	HGDP00514	Europe
France	HGDP00515	Europe
France	HGDP00516	Europe
France	HGDP00517	Europe
France	HGDP00518	Europe
France	HGDP00519	Europe
France	HGDP00520	Europe
France	HGDP00521	Europe
France	HGDP00522	Europe
France	HGDP00523	Europe
France	HGDP00524	Europe
France	HGDP00525	Europe
France	HGDP00526	Europe
France	HGDP00527	Europe
France	HGDP00528	Europe
France	HGDP00529	Europe
France	HGDP00530	Europe
France	HGDP00533	Europe
France	HGDP00534	Europe
France	HGDP00535	Europe
France	HGDP00536	Europe
France	HGDP00537	Europe
France	HGDP00538	Europe
France	HGDP00539	Europe
GBR	HG00096	Europe
GBR	HG00097	Europe
GBR	HG00099	Europe
GBR	HG00100	Europe
GBR	HG00101	Europe
GBR	HG00102	Europe
GBR	HG00103	Europe
GBR	HG00105	Europe
GBR	HG00106	Europe
GBR	HG00107	Europe
GBR	HG00108	Europe
GBR	HG00109	Europe
GBR	HG00110	Europe
GBR	HG00111	Europe
GBR	HG00112	Europe
GBR	HG00113	Europe
GBR	HG00114	Europe
GBR	HG00115	Europe
GBR	HG00117	Europe
GBR	HG00118	Europe
GBR	HG00120	Europe
GBR	HG00121	Europe
GBR	HG00122	Europe
GBR	HG00123	Europe
GBR	HG00124	Europe
GBR	HG00125	Europe
GBR	HG00126	Europe
GBR	HG00127	Europe
GBR	HG00128	Europe
GBR	HG00129	Europe
GBR	HG00130	Europe
GBR	HG00131	Europe
GBR	HG00132	Europe
GBR	HG00133	Europe
GBR	HG00134	Europe
GBR	HG00135	Europe
GBR	HG00136	Europe
GBR	HG00137	Europe
GBR	HG00138	Europe
GBR	HG00139	Europe
GBR	HG00140	Europe
GBR	HG00141	Europe
GBR	HG00142	Europe
GBR	HG00143	Europe
GBR	HG00145	Europe
GBR	HG00147	Europe
GBR	HG00148	Europe
GBR	HG00149	Europe
GBR	HG00150	Europe
GBR	HG00151	Europe
GBR	HG00152	Europe
GBR	HG00154	Europe
GBR	HG00155	Europe
GBR	HG00156	Europe
GBR	HG00157	Europe
GBR	HG00158	Europe
GBR	HG00159	Europe
GBR	HG00160	Europe
GBR	HG00231	Europe
GBR	HG00232	Europe
GBR	HG00233	Europe
GBR	HG00234	Europe
GBR	HG00235	Europe
GBR	HG00236	Europe
GBR	HG00237	Europe
GBR	HG00238	Europe
GBR	HG00239	Europe
GBR	HG00240	Europe
GBR	HG00242	Europe
GBR	HG00243	Europe
GBR	HG00244	Europe
GBR	HG00245	Europe
GBR	HG00246	Europe
GBR	HG00248	Europe
GBR	HG00249	Europe
GBR	HG00250	Europe
GBR	HG00251	Europe
GBR	HG00252	Europe
GBR	HG00253	Europe
GBR	HG00254	Europe
GBR	HG00255	Europe
GBR	HG00256	Europe
GBR	HG00257	Europe
GBR	HG00258	Europe
GBR	HG00259	Europe
GBR	HG00260	Europe
GBR	HG00261	Europe
GBR	HG00262	Europe
GBR	HG00263	Europe
GBR	HG00264	Europe
GBR	HG00265	Europe
GBR	HG01334	Europe
GBR	HG01789	Europe
GBR	HG01790	Europe
GBR	HG01791	Europe
GBR	HG02215	Europe
Georgia	GEO1_georgian_laz	Europe
Georgia	GEO7_georgian_laz	Europe
Georgia	GEO10_georgian_laz	Europe
Georgia	GEO19_georgian_laz	Europe
Georgia	GEO28_georgian_laz	Europe
Georgia	GEO38_georgian_imer	Europe
Georgia	GEO51_georgian_imer	Europe
Georgia	GEO71_georgian_imer	Europe
Georgia	GEO73_georgian_imer	Europe
Georgia	GEO75_georgia_imer	Europe
Georgia	mg5	Europe
Georgia	mg20	Europe
Georgia	mg22	Europe
Georgia	mg23	Europe
Georgia	mg27	Europe
Georgia	mg31	Europe
Georgia	mg34	Europe
Georgia	mg40	Europe
Georgia	mg43	Europe
Georgia	mg47	Europe
Georgia	mg49	Europe
Georgia	mg51	Europe
Georgia	mg54	Europe
Georgia	mg61	Europe
Georgia	mg62	Europe
Georgia	mg64	Europe
Georgia	mg65	Europe
Georgia	mg68	Europe
Georgia	mg72	Europe
german	IL550_0002	Europe
german	IL550_0031	Europe
german	IL550_0035	Europe
german	IL550_0055	Europe
german	IL550_0070	Europe
german	IL550_0091	Europe
german	IL550_0133	Europe
german	IL550_0147	Europe
german	IL550_0161	Europe
german	IL550_0185	Europe
german	IL550_0192	Europe
german	IL550_0204	Europe
german	IL550_0244	Europe
german	IL550_0264	Europe
german	IL550_0271	Europe
german	IL550_0278	Europe
german	IL550_0304	Europe
german	IL550_0306	Europe
german	IL550_0367	Europe
german	IL550_0391	Europe
german	IL550_0399	Europe
german	IL550_0413	Europe
german	IL550_0421	Europe
german	IL550_0433	Europe
german	IL550_0437	Europe
german	IL550_0445	Europe
german	IL550_0461	Europe
german	IL550_0552	Europe
german	IL550_0571	Europe
german	IL550_0620	Europe
germanyaustria	GermanyAustria1	Europe
germanyaustria	GermanyAustria2	Europe
germanyaustria	GermanyAustria3	Europe
germanyaustria	GermanyAustria4	Europe
GIH	NA20845	Asia
GIH	NA20846	Asia
GIH	NA20847	Asia
GIH	NA20849	Asia
GIH	NA20850	Asia
GIH	NA20851	Asia
GIH	NA20852	Asia
GIH	NA20853	Asia
GIH	NA20854	Asia
GIH	NA20856	Asia
GIH	NA20858	Asia
GIH	NA20859	Asia
GIH	NA20861	Asia
GIH	NA20862	Asia
GIH	NA20863	Asia
GIH	NA20866	Asia
GIH	NA20867	Asia
GIH	NA20869	Asia
GIH	NA20870	Asia
GIH	NA20871	Asia
GIH	NA20872	Asia
GIH	NA20873	Asia
GIH	NA20875	Asia
GIH	NA20876	Asia
GIH	NA20877	Asia
GIH	NA20878	Asia
GIH	NA20879	Asia
GIH	NA20881	Asia
GIH	NA20883	Asia
GIH	NA20884	Asia
GIH	NA20885	Asia
GIH	NA20887	Asia
GIH	NA20888	Asia
GIH	NA20889	Asia
GIH	NA20890	Asia
GIH	NA20892	Asia
GIH	NA20894	Asia
GIH	NA20895	Asia
GIH	NA20896	Asia
GIH	NA20897	Asia
GIH	NA20898	Asia
GIH	NA20899	Asia
GIH	NA20900	Asia
GIH	NA20901	Asia
GIH	NA20902	Asia
GIH	NA20903	Asia
GIH	NA20904	Asia
GIH	NA20905	Asia
GIH	NA20906	Asia
GIH	NA20907	Asia
GIH	NA20908	Asia
GIH	NA20910	Asia
GIH	NA20911	Asia
GIH	NA21086	Asia
GIH	NA21087	Asia
GIH	NA21088	Asia
GIH	NA21089	Asia
GIH	NA21090	Asia
GIH	NA21091	Asia
GIH	NA21092	Asia
GIH	NA21093	Asia
GIH	NA21094	Asia
GIH	NA21095	Asia
GIH	NA21097	Asia
GIH	NA21098	Asia
GIH	NA21099	Asia
GIH	NA21100	Asia
GIH	NA21101	Asia
GIH	NA21102	Asia
GIH	NA21103	Asia
GIH	NA21104	Asia
GIH	NA21105	Asia
GIH	NA21106	Asia
GIH	NA21107	Asia
GIH	NA21108	Asia
GIH	NA21110	Asia
GIH	NA21111	Asia
GIH	NA21112	Asia
GIH	NA21113	Asia
GIH	NA21114	Asia
GIH	NA21115	Asia
GIH	NA21116	Asia
GIH	NA21117	Asia
GIH	NA21118	Asia
GIH	NA21119	Asia
GIH	NA21120	Asia
GIH	NA21121	Asia
GIH	NA21122	Asia
GIH	NA21123	Asia
GIH	NA21124	Asia
GIH	NA21125	Asia
GIH	NA21126	Asia
GIH	NA21127	Asia
GIH	NA21128	Asia
GIH	NA21129	Asia
GIH	NA21130	Asia
GIH	NA21133	Asia
GIH	NA21134	Asia
GIH	NA21135	Asia
GIH	NA21137	Asia
GIH	NA21141	Asia
GIH	NA21142	Asia
GIH	NA21143	Asia
GIH	NA21144	Asia
Greece	Greek1	Europe
Greece	Greek2	Europe
Greece	Greek3	Europe
Greece	K28	Europe
Greece	K29	Europe
Greece	K30	Europe
Greece	KOR22	Europe
Greece	KOR24	Europe
Greece	KOR29	Europe
Greece	KOR30	Europe
Greece	KOR31	Europe
Greece	XAL90	Europe
Greece	XAL91	Europe
Greece	XAL92	Europe
Greece	XAL93	Europe
Greece	XAL94	Europe
Greece	XAL95	Europe
Greece	XAL96	Europe
Greece	XAL97	Europe
Greece	XAL98	Europe
GreeceCentral	GreeceCentr1	Europe
GreeceCentral	GreeceCentr2	Europe
GreeceCentral	GreeceCentr3	Europe
GreeceCentral	GreeceCentr4	Europe
GreeceCentral	GreeceCentr5	Europe
GreeceCentral	GreeceCentr6	Europe
GreeceCentral	GreeceCentr7	Europe
GreeceCentral	GreeceCentr8	Europe
GreeceCentral	GreeceCentr9	Europe
GreeceCentral	GreeceCentr10	Europe
GreeceMacedon	GreeceMaced1	Europe
GreeceMacedon	GreeceMaced2	Europe
GreeceMacedon	GreeceMaced3	Europe
GreeceMacedon	GreeceMaced4	Europe
GreeceMacedon	GreeceMaced6	Europe
GreeceMacedon	GreeceMaced7	Europe
GreeceMacedon	GreeceMaced8	Europe
GreecePeloponnese	GreecePelop1	Europe
GreecePeloponnese	GreecePelop3	Europe
GreecePeloponnese	GreecePelop4	Europe
GreecePeloponnese	GreecePelop5	Europe
GreecePeloponnese	GreecePelop6	Europe
GreecePeloponnese	GreecePelop7	Europe
GreecePeloponnese	GreecePelop8	Europe
GreecePeloponnese	GreecePelop9	Europe
GreecePeloponnese	GreecePelop10	Europe
GreeceThessaly	GreeceThessaly1	Europe
GreeceThessaly	GreeceThessaly2	Europe
GreeceThessaly	GreeceThessaly3	Europe
GreeceThessaly	GreeceThessaly4	Europe
GreeceThessaly	GreeceThessaly5	Europe
GreeceThessaly	GreeceThessaly6	Europe
GreeceThessaly	GreeceThessaly7	Europe
GreeceThessaly	GreeceThessaly8	Europe
GreeceThessaly	GreeceThessaly9	Europe
GreeceThessaly	GreeceThessaly10	Europe
Gumuz	GUMUZ8	Africa
Gumuz	GUMUZ13	Africa
Gumuz	GUMUZ16	Africa
Gumuz	GUMUZ17	Africa
Hazara	HGDP00099	Asia
Hazara	HGDP00100	Asia
Hazara	HGDP00102	Asia
Hazara	HGDP00103	Asia
Hazara	HGDP00104	Asia
Hazara	HGDP00105	Asia
Hazara	HGDP00106	Asia
Hazara	HGDP00108	Asia
Hazara	HGDP00109	Asia
Hazara	HGDP00110	Asia
Hazara	HGDP00112	Asia
Hazara	HGDP00115	Asia
Hazara	HGDP00116	Asia
Hazara	HGDP00118	Asia
Hazara	HGDP00119	Asia
Hazara	HGDP00120	Asia
Hazara	HGDP00121	Asia
Hazara	HGDP00122	Asia
Hazara	HGDP00124	Asia
Hazara	HGDP00125	Asia
Hazara	HGDP00127	Asia
Hazara	HGDP00129	Asia
Hungary	hungary2	Europe
Hungary	hungary3	Europe
Hungary	hungary4	Europe
Hungary	hungary5	Europe
Hungary	hungary6	Europe
Hungary	hungary7	Europe
Hungary	hungary8	Europe
Hungary	hungary9	Europe
Hungary	hungary10	Europe
Hungary	hungary11	Europe
Hungary	hungary12	Europe
Hungary	hungary13	Europe
Hungary	hungary14	Europe
Hungary	hungary15	Europe
Hungary	hungary16	Europe
Hungary	hungary17	Europe
Hungary	hungary18	Europe
Hungary	hungary19	Europe
Hungary	hungary20	Europe
IBS	HG01502	Europe
IBS	HG01505	Europe
IBS	HG01508	Europe
IBS	HG01511	Europe
IBS	HG01514	Europe
IBS	HG01517	Europe
IBS	HG01520	Europe
IBS	HG01523	Europe
IBS	HG01526	Europe
IBS	HG01529	Europe
IBS	HG01532	Europe
IBS	HG01538	Europe
IBS	HG01602	Europe
IBS	HG01603	Europe
IBS	HG01605	Europe
IBS	HG01606	Europe
IBS	HG01609	Europe
IBS	HG01612	Europe
IBS	HG01615	Europe
IBS	HG01617	Europe
IBS	HG01618	Europe
IBS	HG01621	Europe
IBS	HG01623	Europe
IBS	HG01624	Europe
IBS	HG01627	Europe
IBS	HG01630	Europe
IBS	HG01633	Europe
IBS	HG01668	Europe
IBS	HG01669	Europe
IBS	HG01672	Europe
IBS	HG01675	Europe
IBS	HG01678	Europe
IBS	HG01681	Europe
IBS	HG01684	Europe
IBS	HG01687	Europe
IBS	HG01696	Europe
IBS	HG01699	Europe
IBS	HG01702	Europe
IBS	HG01704	Europe
IBS	HG01705	Europe
IBS	HG01707	Europe
IBS	HG01708	Europe
IBS	HG01711	Europe
IBS	HG01748	Europe
IBS	HG01756	Europe
IBS	HG01757	Europe
IBS	HG01763	Europe
IBS	HG01772	Europe
IBS	HG01775	Europe
IBS	HG01778	Europe
IBS	HG01781	Europe
IBS	HG01783	Europe
IBS	HG01784	Europe
IBS	HG02222	Europe
IBS	HG02225	Europe
IBS	HG02230	Europe
IBS	HG02231	Europe
IBS	HG02234	Europe
IBS	HG02237	Europe
IBS	HG02240	Europe
Iran	iran1	Asia
Iran	iran2	Asia
Iran	iran3	Asia
Iran	iran4	Asia
Iran	iran5	Asia
Iran	iran6	Asia
Iran	iran7	Asia
Iran	iran8	Asia
Iran	iran9	Asia
Iran	iran11	Asia
Iran	iran12	Asia
Iran	iran13	Asia
Iran	iran14	Asia
Iran	iran15	Asia
Iran	iran16	Asia
Iran	iran17	Asia
Iran	iran18	Asia
Iran	iran19	Asia
Iran	iran20	Asia
Ireland	IRL001	Europe
Ireland	IRL002	Europe
Ireland	IRL003	Europe
Ireland	IRL004	Europe
Ireland	IRL005	Europe
Ireland	IRL006	Europe
Ireland	IRL007	Europe
Jordan	Jordan62	Asia
Jordan	Jordan214	Asia
Jordan	Jordan305	Asia
Jordan	Jordan307	Asia
Jordan	Jordan382	Asia
Jordan	Jordan384	Asia
Jordan	Jordan387	Asia
Jordan	Jordan426	Asia
Jordan	Jordan444	Asia
Jordan	Jordan445	Asia
Jordan	Jordan485	Asia
Jordan	Jordan502	Asia
Jordan	Jordan503	Asia
Jordan	Jordan543	Asia
Jordan	Jordan546	Asia
Jordan	Jordan560	Asia
Jordan	Jordan563	Asia
Jordan	Jordan603	Asia
Jordan	Jordan608	Asia
Jordan	Jordan646	Asia
Kalash	HGDP00267	Asia
Kalash	HGDP00277	Asia
Kalash	HGDP00279	Asia
Kalash	HGDP00281	Asia
Kalash	HGDP00285	Asia
Kalash	HGDP00286	Asia
Kalash	HGDP00288	Asia
Kalash	HGDP00290	Asia
Kalash	HGDP00298	Asia
Kalash	HGDP00302	Asia
Kalash	HGDP00304	Asia
Kalash	HGDP00307	Asia
Kalash	HGDP00309	Asia
Kalash	HGDP00311	Asia
Kalash	HGDP00313	Asia
Kalash	HGDP00315	Asia
Kalash	HGDP00319	Asia
Kalash	HGDP00323	Asia
Kalash	HGDP00326	Asia
Kalash	HGDP00328	Asia
Kalash	HGDP00330	Asia
Kalash	HGDP00333	Asia
Kirghiz	kirghiz1_1m	Asia
Kosovo	Kosovo1	Europe
Kosovo	Kosovo7	Europe
Kosovo	Kosovo8	Europe
Kosovo	Kosovo11	Europe
Kosovo	Kosovo12	Europe
Kosovo	Kosovo14	Europe
Kosovo	Kosovo15	Europe
Kosovo	Kosovo16	Europe
Kosovo	Kosovo18	Europe
Kumyk	kumyk11_1m	Asia
Kumyk	kumyk13_1m	Asia
Kumyk	kumyk14_1m	Asia
Laconia	LA-2	Europe
Laconia	LA-5	Europe
Laconia	LA-7	Europe
Laconia	LA-8	Europe
Laconia	LA-12	Europe
Laconia	LA-16	Europe
Laconia	LA-18	Europe
Laconia	LA-20	Europe
Laconia	LA-22	Europe
Laconia	LA-23	Europe
Laconia	LA-24	Europe
Laconia	LA-25	Europe
Laconia	LA-26	Europe
Laconia	LA-28	Europe
Laconia	LA-31	Europe
Laconia	LA-33	Europe
Laconia	LA-36	Europe
Laconia	LA-37	Europe
Laconia	LA-39	Europe
Laconia	LA-66	Europe
Laconia	LA-67	Europe
Laconia	LA-73	Europe
Latvia	latvian22J5	Europe
Latvia	latvian54A2	Europe
Latvia	latvian54F2	Europe
Latvia	latvian54H7	Europe
Latvia	latvian58C6	Europe
Latvia	latvian58C8	Europe
Lebanon	Lebanon2	Europe
Lebanon	Lebanon3	Europe
Lebanon	Lebanon8	Europe
Lezgin	lez3	Europe
Lezgin	lez7	Europe
Lezgin	lez13	Europe
Lezgin	lez15	Europe
Lezgin	lez17	Europe
Lezgin	lez24	Europe
Lezgin	lez25	Europe
Lezgin	lez31	Europe
Lezgin	lez33	Europe
Lezgin	lez36	Europe
Lezgin	lez37	Europe
Lezgin	lez38	Europe
Lezgin	lez40	Europe
Lezgin	lez42	Europe
Lezgin	lez44	Europe
Lezgin	lez49	Europe
Lezgin	lez52	Europe
Lezgin	lezgin8_1m	Europe
Lezgin	lezgin20_1m	Europe
Lithuania	lithuania1	Europe
Lithuania	lithuania2	Europe
Lithuania	lithuania3	Europe
Lithuania	lithuania4	Europe
Lithuania	lithuania5	Europe
Lithuania	lithuania6	Europe
Lithuania	lithuania7	Europe
Lithuania	lithuania8	Europe
Lithuania	lithuania9	Europe
Lithuania	lithuania10	Europe
Lombardy	HGDP01147	Europe
Lombardy	HGDP01151	Europe
Lombardy	HGDP01152	Europe
Lombardy	HGDP01153	Europe
Lombardy	HGDP01155	Europe
Lombardy	HGDP01156	Europe
Lombardy	HGDP01157	Europe
Lombardy	HGDP01171	Europe
Lombardy	HGDP01172	Europe
Lombardy	HGDP01173	Europe
Lombardy	HGDP01174	Europe
Lombardy	HGDP01177	Europe
LWK	NA19017	Africa
LWK	NA19019	Africa
LWK	NA19020	Africa
LWK	NA19023	Africa
LWK	NA19024	Africa
LWK	NA19026	Africa
LWK	NA19028	Africa
LWK	NA19030	Africa
LWK	NA19031	Africa
LWK	NA19035	Africa
LWK	NA19036	Africa
LWK	NA19037	Africa
LWK	NA19038	Africa
LWK	NA19041	Africa
LWK	NA19042	Africa
LWK	NA19043	Africa
LWK	NA19044	Africa
LWK	NA19046	Africa
LWK	NA19308	Africa
LWK	NA19310	Africa
LWK	NA19311	Africa
LWK	NA19312	Africa
LWK	NA19314	Africa
LWK	NA19315	Africa
LWK	NA19316	Africa
LWK	NA19317	Africa
LWK	NA19318	Africa
LWK	NA19319	Africa
LWK	NA19321	Africa
LWK	NA19323	Africa
LWK	NA19324	Africa
LWK	NA19327	Africa
LWK	NA19328	Africa
LWK	NA19332	Africa
LWK	NA19334	Africa
LWK	NA19338	Africa
LWK	NA19346	Africa
LWK	NA19350	Africa
LWK	NA19351	Africa
LWK	NA19352	Africa
LWK	NA19359	Africa
LWK	NA19360	Africa
LWK	NA19371	Africa
LWK	NA19372	Africa
LWK	NA19374	Africa
LWK	NA19375	Africa
LWK	NA19376	Africa
LWK	NA19377	Africa
LWK	NA19378	Africa
LWK	NA19379	Africa
LWK	NA19382	Africa
LWK	NA19383	Africa
LWK	NA19384	Africa
LWK	NA19385	Africa
LWK	NA19390	Africa
LWK	NA19391	Africa
LWK	NA19393	Africa
LWK	NA19394	Africa
LWK	NA19395	Africa
LWK	NA19397	Africa
LWK	NA19398	Africa
LWK	NA19399	Africa
LWK	NA19401	Africa
LWK	NA19403	Africa
LWK	NA19404	Africa
LWK	NA19428	Africa
LWK	NA19429	Africa
LWK	NA19430	Africa
LWK	NA19431	Africa
LWK	NA19435	Africa
LWK	NA19436	Africa
LWK	NA19437	Africa
LWK	NA19438	Africa
LWK	NA19439	Africa
LWK	NA19440	Africa
LWK	NA19446	Africa
LWK	NA19448	Africa
LWK	NA19449	Africa
LWK	NA19451	Africa
LWK	NA19452	Africa
LWK	NA19453	Africa
LWK	NA19454	Africa
LWK	NA19455	Africa
LWK	NA19456	Africa
LWK	NA19457	Africa
LWK	NA19461	Africa
LWK	NA19462	Africa
LWK	NA19463	Africa
LWK	NA19466	Africa
LWK	NA19467	Africa
LWK	NA19468	Africa
LWK	NA19470	Africa
LWK	NA19471	Africa
LWK	NA19472	Africa
LWK	NA19473	Africa
LWK	NA19474	Africa
LWK	NA19475	Africa
Macedonia	Macedonian2	Europe
Macedonia	Macedonian3	Europe
Macedonia	Macedonian6	Europe
Macedonia	Macedonian7	Europe
Macedonia	Macedonian8	Europe
Macedonia	Macedonian9	Europe
Macedonia	Macedonian10	Europe
Macedonia	Macedonian12	Europe
Macedonia	Macedonian14	Europe
Macedonia	Macedonian17b-d	Europe
Macedonia	Macedonian19	Europe
Macedonia	Macedonian20	Europe
Macedonia	Macedonian21	Europe
Macedonia	Macedonian22	Europe
Makrani	HGDP00131	Asia
Makrani	HGDP00133	Asia
Makrani	HGDP00134	Asia
Makrani	HGDP00135	Asia
Makrani	HGDP00136	Asia
Makrani	HGDP00137	Asia
Makrani	HGDP00139	Asia
Makrani	HGDP00140	Asia
Makrani	HGDP00141	Asia
Makrani	HGDP00143	Asia
Makrani	HGDP00144	Asia
Makrani	HGDP00145	Asia
Makrani	HGDP00146	Asia
Makrani	HGDP00148	Asia
Makrani	HGDP00149	Asia
Makrani	HGDP00150	Asia
Makrani	HGDP00154	Asia
Makrani	HGDP00155	Asia
Makrani	HGDP00157	Asia
Makrani	HGDP00158	Asia
Makrani	HGDP00160	Asia
Makrani	HGDP00161	Asia
Mandenka	HGDP00904	Africa
Mandenka	HGDP00905	Africa
Mandenka	HGDP00906	Africa
Mandenka	HGDP00907	Africa
Mandenka	HGDP00909	Africa
Mandenka	HGDP00910	Africa
Mandenka	HGDP00911	Africa
Mandenka	HGDP00912	Africa
Mandenka	HGDP00913	Africa
Mandenka	HGDP00914	Africa
Mandenka	HGDP00915	Africa
Mandenka	HGDP00917	Africa
Mandenka	HGDP00918	Africa
Mandenka	HGDP01199	Africa
Mandenka	HGDP01200	Africa
Mandenka	HGDP01201	Africa
Mandenka	HGDP01202	Africa
Mandenka	HGDP01283	Africa
Mandenka	HGDP01284	Africa
Mandenka	HGDP01285	Africa
Mandenka	HGDP01286	Africa
Mbuti	HGDP01081	Africa
Messenia	MES-1	Europe
Messenia	MES-2	Europe
Messenia	MES-3	Europe
Messenia	MES-4	Europe
Messenia	MES-5	Europe
Messenia	MES-7	Europe
Messenia	MES-8	Europe
Messenia	MES-10	Europe
Messenia	MES-11	Europe
Messenia	MES-12	Europe
Messenia	MES-16	Europe
Messenia	MES-18	Europe
Messenia	MES-19	Europe
Messenia	MES-24	Europe
Messenia	MES-25	Europe
Messenia	MES-27	Europe
Messenia	MES-29	Europe
Messenia	MES-31	Europe
Messenia	MES-32	Europe
Messenia	MES-33	Europe
Messenia	MES-34	Europe
Messenia	MES-36	Europe
Messenia	MES-39	Europe
Messenia	MES-40	Europe
Messenia	MES-41	Europe
MKK	NA21302	Africa
MKK	NA21309	Africa
MKK	NA21310	Africa
MKK	NA21313	Africa
MKK	NA21317	Africa
MKK	NA21361	Africa
MKK	NA21366	Africa
MKK	NA21389	Africa
MKK	NA21401	Africa
MKK	NA21404	Africa
MKK	NA21425	Africa
MKK	NA21434	Africa
MKK	NA21439	Africa
MKK	NA21442	Africa
MKK	NA21455	Africa
MKK	NA21480	Africa
MKK	NA21487	Africa
MKK	NA21490	Africa
MKK	NA21494	Africa
MKK	NA21514	Africa
MKK	NA21525	Africa
MKK	NA21527	Africa
MKK	NA21581	Africa
MKK	NA21601	Africa
MKK	NA21608	Africa
MKK	NA21636	Africa
MKK	NA21648	Africa
MKK	NA21718	Africa
Moldavia	moldavian_V02612	Europe
Moldavia	moldavian_V13693	Europe
Moldavia	moldavian_V44175	Europe
Moldavia	moldavian_V46055	Europe
Moldavia	moldavian_V48759	Europe
Moldavia	moldavian_V49937	Europe
Montenegro	Montenegro1	Europe
Montenegro	Montenegro4	Europe
Montenegro	Montenegro5	Europe
Montenegro	Montenegro6	Europe
Montenegro	Montenegro7	Europe
Montenegro	Montenegro9	Europe
Montenegro	Montenegro10	Europe
Montenegro	Montenegro11	Europe
Montenegro	Montenegro14	Europe
Montenegro	Montenegro15	Europe
Montenegro	Montenegro17	Europe
Montenegro	Montenegro19	Europe
Montenegro	Montenegro20	Europe
Montenegro	Montenegro21	Europe
Morocco	Moroccan1	Africa
Morocco	Moroccan2	Africa
Morocco	Moroccan3	Africa
Morocco	Moroccan4	Africa
Morocco	Moroccan5	Africa
Morocco	Moroccan6	Africa
Morocco	Moroccan7	Africa
Morocco	Moroccan8	Africa
Morocco	Moroccan9	Africa
Morocco	Moroccan10	Africa
Morocco	Moroccan11	Africa
Morocco	Moroccan12	Africa
Morocco	Moroccan13	Africa
Morocco	Moroccan14	Africa
Morocco	Moroccan15	Africa
Morocco	moroccoA57	Africa
Morocco	moroccoA62	Africa
Morocco	moroccoA98	Africa
Morocco	moroccoA121	Africa
Morocco	moroccoB17	Africa
Morocco	moroccoB93	Africa
Morocco	moroccoC60	Africa
Morocco	moroccoC61	Africa
Morocco	moroccoE21	Africa
Morocco	moroccoE28	Africa
Mozabite	HGDP01253	Africa
Mozabite	HGDP01254	Africa
Mozabite	HGDP01255	Africa
Mozabite	HGDP01256	Africa
Mozabite	HGDP01257	Africa
Mozabite	HGDP01258	Africa
Mozabite	HGDP01259	Africa
Mozabite	HGDP01260	Africa
Mozabite	HGDP01261	Africa
Mozabite	HGDP01262	Africa
Mozabite	HGDP01263	Africa
Mozabite	HGDP01264	Africa
Mozabite	HGDP01265	Africa
Mozabite	HGDP01266	Africa
Mozabite	HGDP01267	Africa
Mozabite	HGDP01268	Africa
Mozabite	HGDP01269	Africa
Mozabite	HGDP01270	Africa
Mozabite	HGDP01271	Africa
Mozabite	HGDP01272	Africa
Mozabite	HGDP01273	Africa
Mozabite	HGDP01274	Africa
Mozabite	HGDP01275	Africa
Mozabite	HGDP01276	Africa
Mozabite	HGDP01277	Africa
Mozabite	HGDP01278	Africa
Mozabite	HGDP01279	Africa
Mozabite	HGDP01280	Africa
Mozabite	HGDP01282	Africa
NorthTsakonia	TSAK-16	Europe
NorthTsakonia	TSAK-17	Europe
NorthTsakonia	TSAK-18	Europe
NorthTsakonia	TSAK-19	Europe
NorthTsakonia	TSAK-20	Europe
NorthTsakonia	TSAK-21	Europe
NorthTsakonia	TSAK-22	Europe
NorthTsakonia	TSAK-23	Europe
NorthTsakonia	TSAK-25	Europe
Norway	Norwegian1	Europe
Norway	Norwegian2	Europe
Norway	Norwegian3	Europe
Norway	Norwegian4	Europe
Norway	Norwegian5	Europe
Norway	Norwegian6	Europe
Norway	Norwegian7	Europe
Norway	Norwegian8	Europe
Norway	Norwegian9	Europe
Norway	Norwegian10	Europe
Norway	Norwegian11	Europe
Norway	Norwegian12	Europe
Norway	Norwegian13	Europe
Norway	Norwegian14	Europe
Norway	Norwegian15	Europe
Norway	Norwegian16	Europe
Norway	Norwegian17	Europe
Norway	Norwegian18	Europe
Orkney	HGDP00794	Europe
Orkney	HGDP00795	Europe
Orkney	HGDP00797	Europe
Orkney	HGDP00798	Europe
Orkney	HGDP00799	Europe
Orkney	HGDP00800	Europe
Orkney	HGDP00802	Europe
Orkney	HGDP00803	Europe
Orkney	HGDP00804	Europe
Orkney	HGDP00807	Europe
Orkney	HGDP00808	Europe
Orkney	HGDP00810	Europe
Oromo	OROMO1	Europe
Oromo	OROMO3	Europe
Oromo	OROMO5	Europe
Oromo	OROMO6	Europe
Oromo	OROMO7	Europe
Oromo	OROMO8	Europe
Oromo	OROMO9	Europe
Oromo	OROMO11	Europe
Oromo	OROMO12	Europe
Oromo	OROMO13	Europe
Oromo	OROMO16	Europe
Oromo	OROMO18	Europe
Oromo	OROMO19	Europe
Oromo	OROMO21	Europe
Ossetia	ossetian1_1m	Europe
Ossetia	ossetian2_1m	Europe
Ossetia	ossetian6_1m	Europe
Palestina	GRC12118083	Europe
Palestina	GRC12118084	Europe
Palestina	HGDP00675	Europe
Palestina	HGDP00676	Europe
Palestina	HGDP00677	Europe
Palestina	HGDP00678	Europe
Palestina	HGDP00679	Europe
Palestina	HGDP00680	Europe
Palestina	HGDP00683	Europe
Palestina	HGDP00684	Europe
Palestina	HGDP00685	Europe
Palestina	HGDP00686	Europe
Palestina	HGDP00687	Europe
Palestina	HGDP00688	Europe
Palestina	HGDP00689	Europe
Palestina	HGDP00691	Europe
Palestina	HGDP00692	Europe
Palestina	HGDP00693	Europe
Palestina	HGDP00694	Europe
Palestina	HGDP00696	Europe
Palestina	HGDP00697	Europe
Palestina	HGDP00698	Europe
Palestina	HGDP00699	Europe
Palestina	HGDP00722	Europe
Palestina	HGDP00723	Europe
Palestina	HGDP00724	Europe
Palestina	HGDP00725	Europe
Palestina	HGDP00726	Europe
Palestina	HGDP00727	Europe
Palestina	HGDP00729	Europe
Palestina	HGDP00730	Europe
Palestina	HGDP00731	Europe
Palestina	HGDP00732	Europe
Palestina	HGDP00733	Europe
Palestina	HGDP00734	Europe
Palestina	HGDP00735	Europe
Palestina	HGDP00736	Europe
Palestina	HGDP00737	Europe
Palestina	HGDP00738	Europe
Palestina	HGDP00739	Europe
Palestina	HGDP00740	Europe
Palestina	HGDP00741	Europe
Palestina	HGDP00744	Europe
Palestina	HGDP00745	Europe
Palestina	HGDP00746	Europe
Pathan	HGDP00213	Asia
Pathan	HGDP00214	Asia
Pathan	HGDP00216	Asia
Pathan	HGDP00218	Asia
Pathan	HGDP00222	Asia
Pathan	HGDP00224	Asia
Pathan	HGDP00226	Asia
Pathan	HGDP00228	Asia
Pathan	HGDP00230	Asia
Pathan	HGDP00232	Asia
Pathan	HGDP00234	Asia
Pathan	HGDP00237	Asia
Pathan	HGDP00239	Asia
Pathan	HGDP00241	Asia
Pathan	HGDP00243	Asia
Pathan	HGDP00244	Asia
Pathan	HGDP00251	Asia
Pathan	HGDP00254	Asia
Pathan	HGDP00258	Asia
Pathan	HGDP00259	Asia
Pathan	HGDP00262	Asia
Pathan	HGDP00264	Asia
Poland	POL039R	Europe
Poland	Poland132	Europe
Poland	Poland133	Europe
Poland	Poland136	Europe
Poland	Poland137	Europe
Poland	Poland138	Europe
Poland	Poland140	Europe
Poland	Poland141	Europe
Poland	Poland142	Europe
Poland	Poland143	Europe
Poland	Pole_Poland1	Europe
Poland	Pole_Poland2	Europe
Poland	Pole_Poland3	Europe
Poland	Pole_Poland5	Europe
Poland	Pole_Poland6	Europe
Poland	Pole_Poland9	Europe
Poland	Pole_Poland11	Europe
Poland	Polish1	Europe
Poland	Polish2	Europe
Poland	Polish3	Europe
Poland	Polish4	Europe
Poland	Polish5	Europe
Poland	Polish6	Europe
Poland	Polish7	Europe
Poland	Polish8	Europe
Poland	Polish9	Europe
Poland	Polish10	Europe
Poland	Polish11	Europe
Poland	Polish12	Europe
Poland	Polish13	Europe
Poland	Polish14	Europe
Poland	Polish15	Europe
Poland	Polish16	Europe
PuBa	GSM1094889	Europe
PuBa	GSM1094890	Europe
PuBa	GSM1094892	Europe
PuBa	GSM1094900	Europe
PuBa	GSM1094905	Europe
PuBa	GSM1094912	Europe
PuBa	GSM1094913	Europe
PuBa	GSM1094916	Europe
PuBa	GSM1094917	Europe
PuBa	GSM1094921	Europe
PuBa	GSM1094923	Europe
PuBa	GSM1094924	Europe
PuBa	GSM1094927	Europe
PuBa	GSM1094932	Europe
PuBa	GSM1094936	Europe
PuBa	GSM1094944	Europe
PuBa	GSM1094951	Europe
PuBa	GSM1094953	Europe
PuBa	GSM1094955	Europe
PuBa	GSM1094963	Europe
PuBa	GSM1094967	Europe
PuBa	GSM1094968	Europe
PuBa	GSM1094970	Europe
PuBa	GSM1094973	Europe
PuBa	GSM1094976	Europe
PuBa	GSM1094979	Europe
PuBa	GSM1094981	Europe
PuBa	GSM1094986	Europe
PuBa	GSM1094998	Europe
PuBa	GSM1095000	Europe
PuBa	GSM1095003	Europe
PuBa	GSM1095004	Europe
PuBa	GSM1095006	Europe
PuBa	GSM1095010	Europe
PuBa	GSM1095017	Europe
PuBa	GSM1095022	Europe
PuBa	GSM1095024	Europe
PuBa	GSM1095026	Europe
PuBa	GSM1095034	Europe
PuBa	GSM1095035	Europe
PuBa	GSM1095042	Europe
PuBa	GSM1095045	Europe
PuBa	GSM1095046	Europe
PuBa	GSM1095047	Europe
PuBa	GSM1095053	Europe
PuBa	GSM1095056	Europe
PuBa	GSM1095057	Europe
PuBa	GSM1095059	Europe
PuBa	GSM1095063	Europe
PuBa	GSM1095066	Europe
PuBa	GSM1095070	Europe
PuBa	GSM1095074	Europe
PuBa	GSM1095075	Europe
PuBa	GSM1095077	Europe
PuBa	GSM1095081	Europe
PuBa	GSM1095085	Europe
PuBa	GSM1095086	Europe
PuBa	GSM1095091	Europe
PuBa	GSM1095092	Europe
PuBa	GSM1095099	Europe
PuBa	GSM1095105	Europe
Romania	Romania1	Europe
Romania	Romania2	Europe
Romania	Romania3	Europe
Romania	Romania4	Europe
Romania	Romania5	Europe
Romania	Romania6	Europe
Romania	Romania7	Europe
Romania	Romania8	Europe
Romania	Romania9	Europe
Romania	Romania10	Europe
Romania	Romania11	Europe
Romania	Romania12	Europe
Romania	Romania13	Europe
Romania	Romania14	Europe
Romania	Romania15	Europe
Romania	Romania16	Europe
Russia	evo_1	Europe
Russia	evo_2	Europe
Russia	HGDP00879	Europe
Russia	HGDP00880	Europe
Russia	HGDP00881	Europe
Russia	HGDP00882	Europe
Russia	HGDP00883	Europe
Russia	HGDP00884	Europe
Russia	HGDP00885	Europe
Russia	HGDP00886	Europe
Russia	HGDP00887	Europe
Russia	HGDP00888	Europe
Russia	HGDP00889	Europe
Russia	HGDP00890	Europe
Russia	HGDP00891	Europe
Russia	HGDP00892	Europe
Russia	HGDP00893	Europe
Russia	HGDP00894	Europe
Russia	HGDP00896	Europe
Russia	HGDP00897	Europe
Russia	HGDP00898	Europe
Russia	HGDP00899	Europe
Russia	HGDP00900	Europe
Russia	HGDP00901	Europe
Russia	HGDP00902	Europe
Russia	HGDP00903	Europe
Russia	RusPinega1	Europe
Russia	RusPinega9	Europe
Russia	RusPinega17	Europe
Russia	RusPinega20	Europe
Russia	russianKursk6	Europe
Russia	RussianKursk9	Europe
Russia	RussianKursk15	Europe
Russia	RussianKursk18	Europe
Russia	russianOrjol1	Europe
Russia	RussianOrjol34	Europe
Russia	RussianOrjol45	Europe
Russia	russianOrjol56	Europe
Russia	russianOrjol78	Europe
Russia	russianOrjol89	Europe
Russia	russianOrjol100	Europe
Russia	russianVoron101	Europe
Russia	RussianVoron103	Europe
Russia	RussianVoron105	Europe
Russia	RussianVoron107	Europe
Russia	Russia_Smol303	Europe
Russia	Russia_Smol304	Europe
Russia	Russia_Smol312	Europe
Russia	Russia_Smol339	Europe
Russia	Russia_Smol345	Europe
Russia	Russia_Smol349	Europe
Russia	Russia_Smol350	Europe
Russia	SM256_russian_Smolensk	Europe
Sardinia	HGDP00665	Europe
Sardinia	HGDP00666	Europe
Sardinia	HGDP00667	Europe
Sardinia	HGDP00668	Europe
Sardinia	HGDP00669	Europe
Sardinia	HGDP00670	Europe
Sardinia	HGDP00671	Europe
Sardinia	HGDP00672	Europe
Sardinia	HGDP00673	Europe
Sardinia	HGDP00674	Europe
Sardinia	HGDP01062	Europe
Sardinia	HGDP01063	Europe
Sardinia	HGDP01064	Europe
Sardinia	HGDP01065	Europe
Sardinia	HGDP01066	Europe
Sardinia	HGDP01067	Europe
Sardinia	HGDP01068	Europe
Sardinia	HGDP01069	Europe
Sardinia	HGDP01073	Europe
Sardinia	HGDP01074	Europe
Sardinia	HGDP01075	Europe
Sardinia	HGDP01076	Europe
Sardinia	HGDP01077	Europe
Sardinia	HGDP01079	Europe
SaudiArabia	saudi1403	Asia
SaudiArabia	saudi1411	Asia
SaudiArabia	saudi1413	Asia
SaudiArabia	saudi1424	Asia
SaudiArabia	saudi1426	Asia
SaudiArabia	saudi1428b	Asia
SaudiArabia	saudi1430	Asia
SaudiArabia	saudi1432	Asia
SaudiArabia	saudi1434	Asia
SaudiArabia	saudi1436	Asia
SaudiArabia	SaudiA1	Asia
SaudiArabia	SaudiA2	Asia
SaudiArabia	SaudiA3	Asia
SaudiArabia	SaudiA4	Asia
SaudiArabia	SaudiA5	Asia
SaudiArabia	SaudiA6	Asia
SaudiArabia	SaudiA7	Asia
SaudiArabia	SaudiA8	Asia
SaudiArabia	SaudiA9	Asia
SaudiArabia	SaudiA10	Asia
Scotland	Scottish1	Europe
Scotland	Scottish2	Europe
Scotland	Scottish3	Europe
Scotland	Scottish4	Europe
Scotland	Scottish5	Europe
Scotland	Scottish6	Europe
Serbia	Serbian_B-H4	Europe
Serbia	Serbian_B-H7	Europe
Serbia	Serbian_B-H9	Europe
Serbia	Serbian_B-H11	Europe
Serbia	Serbian_Serbia1	Europe
Serbia	Serbian_Serbia2	Europe
Serbia	Serbian_Serbia3	Europe
Serbia	Serbian_Serbia4	Europe
Serbia	Serbian_Serbia5	Europe
Serbia	Serbian_Serbia6	Europe
Serbia	Serbian_Serbia7	Europe
Serbia	Serbian_Serbia9	Europe
Serbia	Serbian_Serbia10	Europe
Serbia	Serbian_Serbia11	Europe
Serbia	Serbian_Serbia12	Europe
Serbia	Serbian_Serbia16	Europe
Serbia	Serbian_Serbia18	Europe
Serbia	Serbia_Serbia19	Europe
Sicily	C-Sicily50	Europe
Sicily	C-Sicily57	Europe
Slovakia	Slovakia77	Europe
Slovakia	Slovakia85	Europe
Slovakia	Slovakia94	Europe
Slovakia	Slovakia96	Europe
Slovakia	Slovakia118	Europe
Slovakia	Slovakia150	Europe
Slovakia	Slovakia218	Europe
Slovakia	Slovakia222	Europe
Slovakia	Slovakia233	Europe
Slovakia	Slovakia235	Europe
Slovakia	Slovakia256	Europe
Slovakia	Slovakia411	Europe
Slovakia	Slovakia425	Europe
Slovakia	Slovakia429	Europe
Slovakia	Slovakia474	Europe
Slovenia	Slovenian90	Europe
Slovenia	Slovenian136	Europe
Slovenia	Slovenian137	Europe
Slovenia	Slovenian147	Europe
Slovenia	Slovenian172	Europe
Slovenia	Slovenian184	Europe
Slovenia	Slovenian188	Europe
Slovenia	Slovenian237	Europe
Slovenia	Slovenian241	Europe
Slovenia	Slovenian271	Europe
Slovenia	Slovenian275	Europe
Slovenia	Slovenian299	Europe
Slovenia	Slovenian321	Europe
Slovenia	Slovenian_8	Europe
Slovenia	Slovenian_14	Europe
Somalia	SOMALI1	Africa
Somalia	SOMALI3	Africa
Somalia	SOMALI4	Africa
Somalia	SOMALI6	Africa
Somalia	SOMALI15	Africa
Somalia	SOMALI17	Africa
Somalia	SOMALI22	Africa
SouthTsakonia	TSAK-1	Europe
SouthTsakonia	TSAK-2	Europe
SouthTsakonia	TSAK-3	Europe
SouthTsakonia	TSAK-4	Europe
SouthTsakonia	TSAK-5	Europe
SouthTsakonia	TSAK-6	Europe
SouthTsakonia	TSAK-7	Europe
SouthTsakonia	TSAK-8	Europe
SouthTsakonia	TSAK-9	Europe
SouthTsakonia	TSAK-10	Europe
SouthTsakonia	TSAK-11	Europe
SouthTsakonia	TSAK-12	Europe
SouthTsakonia	TSAK-13	Europe
SouthTsakonia	TSAK-14	Europe
SouthTsakonia	TSAK-15	Europe
Spain	Spain1	Europe
Spain	Spain2	Europe
Spain	Spain3	Europe
Spain	Spain4	Europe
Spain	Spain5	Europe
Spain	Spain6	Europe
Spain	Spain8	Europe
Spain	Spain9	Europe
Spain	Spain10	Europe
Spain	Spain11	Europe
Spain	Spain12	Europe
Spain	Spain13	Europe
Spain	Spain14	Europe
Spain	Spain15	Europe
Spain	Spain16	Europe
Spain	Spain17	Europe
Spain	Spain18	Europe
Spain	Spain19	Europe
Spain	Spain20	Europe
Spain	Spain21	Europe
Spain	Spain22	Europe
Spain	Spain23	Europe
Spain	Spain24	Europe
Spain	Spain25	Europe
Spain	Spain26	Europe
Spain	Spain27	Europe
Spain	Spain28	Europe
Spain	Spain29	Europe
Spain	Spain30	Europe
Spain	Spain31	Europe
Spain	Spain32	Europe
Spain	Spain33	Europe
Spain	Spain34	Europe
Spain	Spain35	Europe
Sudan	SUDANESE1	Africa
Sudan	SUDANESE2	Africa
Sudan	SUDANESE4	Africa
Sudan	SUDANESE5	Africa
Sudan	SUDANESE6	Africa
Sudan	SUDANESE7	Africa
Sudan	SUDANESE9	Africa
Sudan	SUDANESE12	Africa
Sudan	SUDANESE14	Africa
Sudan	SUDANESE15	Africa
Sudan	SUDANESE18	Africa
Sudan	SUDANESE24IBD	Africa
Sweden	Sweden1	Europe
Sweden	Sweden2	Europe
Sweden	Sweden5	Europe
Sweden	Sweden6	Europe
Sweden	Sweden7	Europe
Sweden	Sweden8	Europe
Sweden	Sweden9	Europe
Sweden	Sweden10	Europe
Sweden	Sweden12	Europe
Sweden	Sweden13	Europe
Sweden	Sweden15	Europe
Sweden	Sweden16	Europe
Sweden	Sweden17	Europe
Sweden	Sweden18	Europe
Sweden	Sweden20	Europe
Syria	syria1	Asia
Syria	syria2	Asia
Syria	syria3	Asia
Syria	syria4	Asia
Syria	syria5	Asia
Syria	syria6	Asia
Syria	syria7	Asia
Syria	syria8	Asia
Syria	syria9	Asia
Syria	syria10	Asia
Syria	syria298	Asia
Syria	syria361	Asia
Syria	syria461	Asia
Syria	syria464	Asia
Syria	syria485	Asia
Syria	syria520	Asia
Tabassaran	tabassaran4_1m	Europe
Tatar	tatar0_1m	Europe
Tatar	tatar2_1m	Europe
Tatar	tatar3_1m	Europe
Tatar	tatarmishar12_1m	Europe
Tatar	tatars1	Europe
Tatar	tatars2	Europe
Tatar	tatars3	Europe
Tatar	tatars4	Europe
Tatar	tatars5	Europe
Tatar	tatars6	Europe
Tatar	tatars7	Europe
Tatar	tatars8	Europe
Tatar	tatars9	Europe
Tatar	tatars10	Europe
Tatar	tatars11	Europe
Tatar	tatars12	Europe
Tatar	tatars13	Europe
Tatar	tatars14	Europe
Tatar	tatars15	Europe
Tatar	tatars16	Europe
Tunisia	TUN510	Africa
Tunisia	Tunisian1	Africa
Tunisia	Tunisian2	Africa
Tunisia	Tunisian4	Africa
Tunisia	Tunisian5	Africa
Tunisia	Tunisian6	Africa
Tunisia	Tunisian7	Africa
Tunisia	Tunisian8	Africa
Tunisia	Tunisian9	Africa
Tunisia	Tunisian10	Africa
Tunisia	Tunisian11	Africa
Tunisia	Tunisian12	Africa
Turkey	tur2	Asia
Turkey	tur20	Asia
Turkey	tur37	Asia
Turkey	tur52	Asia
Turkey	tur67	Asia
Turkey	tur84	Asia
Turkey	tur110	Asia
Turkey	tur124	Asia
Turkey	tur139	Asia
Turkey	tur154	Asia
Turkey	tur170	Asia
Turkey	tur182	Asia
Turkey	tur197	Asia
Turkey	tur210	Asia
Turkey	tur222	Asia
Turkey	tur236	Asia
Turkey	tur277	Asia
Turkey	tur306	Asia
Tuscany	HGDP01161	Europe
Tuscany	HGDP01162	Europe
Tuscany	HGDP01163	Europe
Tuscany	HGDP01164	Europe
Tuscany	HGDP01167	Europe
Tuscany	HGDP01168	Europe
Tuscany	HGDP01169	Europe
Tygray	TYGRAY1	Africa
Tygray	TYGRAY2	Africa
Tygray	TYGRAY5	Africa
Tygray	TYGRAY6	Africa
Tygray	TYGRAY9	Africa
Tygray	TYGRAY12	Africa
Tygray	TYGRAY13	Africa
Tygray	TYGRAY16	Africa
Tygray	TYGRAY17	Africa
Tygray	TYGRAY18	Africa
Tygray	TYGRAY21	Africa
Uae	UAE1	Asia
Uae	UAE2	Asia
Uae	UAE3	Asia
Uae	UAE4	Asia
Uae	UAE5	Asia
Uae	UAE6	Asia
Uae	UAE7	Asia
Uae	UAE8	Asia
Uae	UAE10	Asia
Uae	UAE111	Asia
Uae	UAE125	Asia
Uae	UAE127	Asia
Uae	UAE131	Asia
Uygur	HGDP01297	Europe
Uygur	HGDP01298	Europe
Uygur	HGDP01299	Europe
Uygur	HGDP01300	Europe
Uygur	HGDP01301	Europe
Uygur	HGDP01302	Europe
Uygur	HGDP01303	Europe
Uygur	HGDP01304	Europe
Uygur	HGDP01305	Europe
Uygur	HGDP01306	Europe
Uzbekistan	usb1	Europe
Uzbekistan	usb2	Europe
Uzbekistan	usb6	Europe
Uzbekistan	usb8	Europe
Uzbekistan	usb13	Europe
Uzbekistan	usb16	Europe
Uzbekistan	usb24	Europe
Uzbekistan	usb25	Europe
Uzbekistan	usb32	Europe
Uzbekistan	usb35	Europe
Uzbekistan	usb64	Europe
Uzbekistan	usb72	Europe
Uzbekistan	usb78	Europe
Uzbekistan	usb83	Europe
UzbTurkmen	UZB101_turkmen	Europe
UzbTurkmen	UZB102_turkmen	Europe
UzbTurkmen	UZB105_turkmen	Europe
UzbTurkmen	UZB111_turkmen	Europe
UzbTurkmen	UZB150_turkmen	Europe
UzbTurkmen	UZB152_turkmen	Europe
UzbTurkmen	UZB178_turkmen	Europe
UzbTurkmen	UZB180_turkmen	Europe
Wales	Welsh1	Europe
Wales	Welsh2	Europe
Wales	Welsh3	Europe
Wales	Welsh4	Europe
WestSicily	TP04	Europe
WestSicily	TP05	Europe
WestSicily	TP06	Europe
WestSicily	TP07	Europe
WestSicily	TP08	Europe
WestSicily	TP25	Europe
WestSicily	TP26	Europe
WestSicily	TP32	Europe
WestSicily	TP34	Europe
WestSicily	TP38	Europe
WestSicily	W-Sicily1	Europe
WestSicily	W-Sicily3	Europe
WestSicily	W-Sicily4	Europe
WestSicily	W-Sicily5a	Europe
WestSicily	W-Sicily5b	Europe
WestSicily	W-Sicily7	Europe
WestSicily	W-Sicily9	Europe
WestSicily	W-Sicily21	Europe
WestTaygetos	MMA-1	Europe
WestTaygetos	MMA-2	Europe
WestTaygetos	MMA-3	Europe
WestTaygetos	MMA-4	Europe
WestTaygetos	MMA-5	Europe
WestTaygetos	MMA-6	Europe
WestTaygetos	MMA-7	Europe
WestTaygetos	MMA-8	Europe
WestTaygetos	MMA-9	Europe
WestTaygetos	MMA-10	Europe
WestTaygetos	MMA-11	Europe
WestTaygetos	MMA-12	Europe
WestTaygetos	MMA-14	Europe
WestTaygetos	MMA-15	Europe
WestTaygetos	MMA-17	Europe
WestTaygetos	MMA-20	Europe
WestTaygetos	MMA-21	Europe
WestTaygetos	MMA-23	Europe
WestTaygetos	MMA-24	Europe
WestTaygetos	MMA-26	Europe
WestTaygetos	MMA-28	Europe
WestTaygetos	MMA-29	Europe
WestTaygetos	MMA-30	Europe
WestTaygetos	MMA-31	Europe
Wolayta	WOLAYTA1	Africa
Wolayta	WOLAYTA5	Africa
Wolayta	WOLAYTA7	Africa
Yemen	Yemen1	Asia
Yemen	Yemen4	Asia
Yemen	Yemen5	Asia
Yemen	Yemen6	Asia
Yemen	Yemen7	Asia
Yemen	Yemen8	Asia
Yemen	Yemen9	Asia
Yemen	Yemen10	Asia
Yoruba	HGDP00920	Africa
Yoruba	HGDP00924	Africa
Yoruba	HGDP00925	Africa
Yoruba	HGDP00926	Africa
Yoruba	HGDP00927	Africa
Yoruba	HGDP00928	Africa
Yoruba	HGDP00929	Africa
Yoruba	HGDP00930	Africa
Yoruba	HGDP00931	Africa
Yoruba	HGDP00932	Africa
Yoruba	HGDP00933	Africa
Yoruba	HGDP00934	Africa
Yoruba	HGDP00935	Africa
Yoruba	HGDP00936	Africa
Yoruba	HGDP00937	Africa
Yoruba	HGDP00938	Africa
Yoruba	HGDP00940	Africa
Yoruba	HGDP00941	Africa
Yoruba	HGDP00943	Africa
